product_id,category,product_name,price
PROD001,Home Appliances,Home Appliances Product 001,15249.39
PROD002,Sports,Sports Product 002,10025.33
PROD003,Sports,Sports Product 003,6133.24
PROD004,Sports,Sports Product 004,3947.59
PROD005,Electronics,Electronics Product 005,17523.56
PROD006,Electronics,Electronics Product 006,44125.56
PROD007,Sports,Sports Product 007,4038.3
PROD008,Electronics,Electronics Product 008,27465.57
PROD009,Home Appliances,Home Appliances Product 009,24209.7
PROD010,Sports,Sports Product 010,7142.8
PROD011,Electronics,Electronics Product 011,26883.26
PROD012,Clothing,Clothing Product 012,2763.89
PROD013,Sports,Sports Product 013,9407.97
PROD014,Beauty,Beauty Product 014,571.16
PROD015,Clothing,Clothing Product 015,448.38
PROD016,Electronics,Electronics Product 016,9799.12
PROD017,Beauty,Beauty Product 017,1044.02
PROD018,Clothing,Clothing Product 018,2240.91
PROD019,Clothing,Clothing Product 019,2228.77
PROD020,Sports,Sports Product 020,11085.99
PROD021,Electronics,Electronics Product 021,32201.22
PROD022,Sports,Sports Product 022,2884.43
PROD023,Home Appliances,Home Appliances Product 023,24954.95
PROD024,Beauty,Beauty Product 024,1647.61
PROD025,Home Appliances,Home Appliances Product 025,23960.45
PROD026,Beauty,Beauty Product 026,2749.55
PROD027,Home Appliances,Home Appliances Product 027,14110.56
PROD028,Home Appliances,Home Appliances Product 028,15641.84
PROD029,Clothing,Clothing Product 029,4799.49
PROD030,Home Appliances,Home Appliances Product 030,14394.08
PROD031,Clothing,Clothing Product 031,4724.98
PROD032,Home Appliances,Home Appliances Product 032,19508.18
PROD033,Clothing,Clothing Product 033,3544.13
PROD034,Beauty,Beauty Product 034,1053.57
PROD035,Home Appliances,Home Appliances Product 035,14451.7
PROD036,Home Appliances,Home Appliances Product 036,7906.95
PROD037,Sports,Sports Product 037,8281.16
PROD038,Beauty,Beauty Product 038,2702.92
PROD039,Beauty,Beauty Product 039,2482.38
PROD040,Clothing,Clothing Product 040,1665.13
PROD041,Home Appliances,Home Appliances Product 041,23927.53
PROD042,Electronics,Electronics Product 042,16566.81
PROD043,Beauty,Beauty Product 043,2019.52
PROD044,Beauty,Beauty Product 044,759.86
PROD045,Sports,Sports Product 045,3618.03
PROD046,Sports,Sports Product 046,8505.97
PROD047,Clothing,Clothing Product 047,813.36
PROD048,Sports,Sports Product 048,3251.74
PROD049,Electronics,Electronics Product 049,30637.78
PROD050,Sports,Sports Product 050,3095.22
PROD051,Clothing,Clothing Product 051,546.71
PROD052,Beauty,Beauty Product 052,1091.34
PROD053,Beauty,Beauty Product 053,436.55
PROD054,Clothing,Clothing Product 054,324.35
PROD055,Sports,Sports Product 055,11745.97
PROD056,Clothing,Clothing Product 056,2212.47
PROD057,Beauty,Beauty Product 057,1510.73
PROD058,Clothing,Clothing Product 058,3852.78
PROD059,Home Appliances,Home Appliances Product 059,8708.02
PROD060,Electronics,Electronics Product 060,40995.26
PROD061,Electronics,Electronics Product 061,29874.99
PROD062,Clothing,Clothing Product 062,2815.22
PROD063,Electronics,Electronics Product 063,41225.49
PROD064,Clothing,Clothing Product 064,2264.06
PROD065,Clothing,Clothing Product 065,4689.44
PROD066,Electronics,Electronics Product 066,44876.97
PROD067,Beauty,Beauty Product 067,2395.69
PROD068,Clothing,Clothing Product 068,4702.06
PROD069,Home Appliances,Home Appliances Product 069,22041.84
PROD070,Electronics,Electronics Product 070,14480.06
PROD071,Sports,Sports Product 071,1733.96
PROD072,Home Appliances,Home Appliances Product 072,7829.48
PROD073,Sports,Sports Product 073,6529.66
PROD074,Clothing,Clothing Product 074,4299.98
PROD075,Beauty,Beauty Product 075,927.59
PROD076,Electronics,Electronics Product 076,15884.76
PROD077,Beauty,Beauty Product 077,1997.61
PROD078,Clothing,Clothing Product 078,366.2
PROD079,Home Appliances,Home Appliances Product 079,19978.42
PROD080,Sports,Sports Product 080,8255.61
PROD081,Clothing,Clothing Product 081,1124.83
PROD082,Beauty,Beauty Product 082,2506.92
PROD083,Sports,Sports Product 083,4271.16
PROD084,Beauty,Beauty Product 084,2057.38
PROD085,Clothing,Clothing Product 085,4913.92
PROD086,Beauty,Beauty Product 086,1072.26
PROD087,Clothing,Clothing Product 087,332.1
PROD088,Beauty,Beauty Product 088,821.24
PROD089,Home Appliances,Home Appliances Product 089,23896.84
PROD090,Home Appliances,Home Appliances Product 090,14979.06
PROD091,Sports,Sports Product 091,631.51
PROD092,Home Appliances,Home Appliances Product 092,17626.45
PROD093,Electronics,Electronics Product 093,30548.7
PROD094,Beauty,Beauty Product 094,1024.4
PROD095,Beauty,Beauty Product 095,2105.31
PROD096,Home Appliances,Home Appliances Product 096,17566.97
PROD097,Home Appliances,Home Appliances Product 097,9821.05
PROD098,Clothing,Clothing Product 098,1329.9
PROD099,Clothing,Clothing Product 099,2547.45
PROD100,Beauty,Beauty Product 100,2281.04
