customer_id,signup_date,customer_type
CUST0001,2026-03-10,New
CUST0002,2025-10-19,New
CUST0003,2025-08-28,Returning
CUST0004,2026-03-24,Returning
CUST0005,2026-02-01,New
CUST0006,2025-12-15,New
CUST0007,2025-08-10,New
CUST0008,2026-01-17,New
CUST0009,2026-02-07,New
CUST0010,2026-03-14,Returning
CUST0011,2025-12-14,New
CUST0012,2026-02-18,New
CUST0013,2025-07-07,Returning
CUST0014,2025-09-05,Returning
CUST0015,2025-11-14,New
CUST0016,2025-09-26,Returning
CUST0017,2025-11-12,New
CUST0018,2025-11-29,New
CUST0019,2025-11-15,New
CUST0020,2025-07-21,Returning
CUST0021,2026-01-29,New
CUST0022,2025-11-29,New
CUST0023,2025-10-26,Returning
CUST0024,2026-03-02,Returning
CUST0025,2025-11-22,New
CUST0026,2025-08-01,New
CUST0027,2025-10-01,Returning
CUST0028,2025-08-04,Returning
CUST0029,2025-08-13,New
CUST0030,2025-12-28,New
CUST0031,2025-11-23,New
CUST0032,2025-11-19,New
CUST0033,2025-10-16,Returning
CUST0034,2026-03-27,New
CUST0035,2026-02-26,New
CUST0036,2026-01-28,Returning
CUST0037,2025-09-06,New
CUST0038,2025-10-17,Returning
CUST0039,2026-03-10,Returning
CUST0040,2025-09-28,Returning
CUST0041,2025-07-26,New
CUST0042,2025-07-17,Returning
CUST0043,2025-12-07,New
CUST0044,2025-09-24,Returning
CUST0045,2026-02-10,Returning
CUST0046,2025-11-04,New
CUST0047,2026-01-14,New
CUST0048,2026-03-11,New
CUST0049,2025-10-15,New
CUST0050,2026-02-08,New
CUST0051,2026-02-17,New
CUST0052,2026-02-16,New
CUST0053,2025-09-28,Returning
CUST0054,2025-08-27,New
CUST0055,2025-08-09,Returning
CUST0056,2025-08-16,New
CUST0057,2025-09-05,Returning
CUST0058,2025-12-15,New
CUST0059,2025-12-01,New
CUST0060,2026-01-02,New
CUST0061,2026-02-04,Returning
CUST0062,2025-07-09,Returning
CUST0063,2025-08-18,Returning
CUST0064,2026-01-29,Returning
CUST0065,2026-03-10,New
CUST0066,2025-10-26,New
CUST0067,2025-12-28,New
CUST0068,2025-10-15,Returning
CUST0069,2025-09-12,New
CUST0070,2025-08-15,Returning
CUST0071,2025-10-28,Returning
CUST0072,2026-01-18,New
CUST0073,2025-09-02,New
CUST0074,2025-09-05,New
CUST0075,2026-01-26,Returning
CUST0076,2026-02-22,New
CUST0077,2025-07-12,New
CUST0078,2025-11-22,Returning
CUST0079,2025-11-01,New
CUST0080,2025-10-06,Returning
CUST0081,2025-08-04,New
CUST0082,2026-01-09,Returning
CUST0083,2026-01-27,Returning
CUST0084,2025-08-23,Returning
CUST0085,2026-02-03,New
CUST0086,2026-01-25,Returning
CUST0087,2025-12-16,Returning
CUST0088,2026-01-30,Returning
CUST0089,2026-03-29,New
CUST0090,2025-11-03,New
CUST0091,2026-03-22,New
CUST0092,2025-12-22,Returning
CUST0093,2025-12-27,New
CUST0094,2025-09-30,New
CUST0095,2025-07-13,New
CUST0096,2025-10-02,New
CUST0097,2025-07-07,New
CUST0098,2026-03-07,New
CUST0099,2025-07-31,Returning
CUST0100,2025-11-10,New
CUST0101,2025-10-05,New
CUST0102,2026-01-09,New
CUST0103,2025-08-25,Returning
CUST0104,2026-02-11,New
CUST0105,2025-10-07,Returning
CUST0106,2025-12-10,New
CUST0107,2025-08-11,Returning
CUST0108,2025-11-19,New
CUST0109,2026-01-02,Returning
CUST0110,2025-07-26,Returning
CUST0111,2026-03-12,New
CUST0112,2025-12-08,Returning
CUST0113,2025-08-16,New
CUST0114,2025-09-16,New
CUST0115,2025-08-28,New
CUST0116,2025-10-21,New
CUST0117,2025-08-03,New
CUST0118,2026-02-03,New
CUST0119,2026-03-15,Returning
CUST0120,2025-07-10,Returning
CUST0121,2025-10-04,New
CUST0122,2026-01-09,New
CUST0123,2025-12-07,Returning
CUST0124,2025-09-06,New
CUST0125,2025-12-03,New
CUST0126,2025-12-28,New
CUST0127,2026-02-05,Returning
CUST0128,2026-01-10,New
CUST0129,2025-10-28,New
CUST0130,2025-07-27,New
CUST0131,2026-01-31,New
CUST0132,2025-11-03,New
CUST0133,2026-02-16,New
CUST0134,2026-01-27,New
CUST0135,2026-01-18,New
CUST0136,2025-09-15,New
CUST0137,2025-07-31,Returning
CUST0138,2025-10-04,New
CUST0139,2026-02-11,New
CUST0140,2026-02-20,New
CUST0141,2025-08-05,New
CUST0142,2026-02-16,New
CUST0143,2025-11-04,Returning
CUST0144,2025-09-22,Returning
CUST0145,2025-11-04,New
CUST0146,2025-12-05,New
CUST0147,2026-03-12,New
CUST0148,2025-11-04,Returning
CUST0149,2025-08-02,New
CUST0150,2026-03-03,Returning
CUST0151,2025-08-12,New
CUST0152,2025-09-25,New
CUST0153,2025-08-25,Returning
CUST0154,2025-07-31,Returning
CUST0155,2025-11-25,New
CUST0156,2025-12-22,Returning
CUST0157,2025-10-30,New
CUST0158,2026-03-15,New
CUST0159,2026-03-21,Returning
CUST0160,2025-10-29,Returning
CUST0161,2025-08-14,Returning
CUST0162,2025-08-26,New
CUST0163,2025-08-15,Returning
CUST0164,2025-09-03,New
CUST0165,2026-02-24,New
CUST0166,2025-11-15,New
CUST0167,2026-03-08,Returning
CUST0168,2026-01-17,New
CUST0169,2025-07-24,New
CUST0170,2025-12-16,Returning
CUST0171,2025-07-22,New
CUST0172,2025-08-24,New
CUST0173,2025-10-14,New
CUST0174,2025-12-23,New
CUST0175,2025-12-18,New
CUST0176,2025-08-17,New
CUST0177,2026-03-30,Returning
CUST0178,2026-02-01,New
CUST0179,2025-11-25,New
CUST0180,2025-08-31,New
CUST0181,2025-07-21,New
CUST0182,2025-07-20,Returning
CUST0183,2025-09-24,Returning
CUST0184,2026-03-21,New
CUST0185,2026-02-07,Returning
CUST0186,2025-12-09,Returning
CUST0187,2025-09-03,Returning
CUST0188,2025-10-04,Returning
CUST0189,2025-09-11,Returning
CUST0190,2025-07-14,New
CUST0191,2025-11-11,Returning
CUST0192,2025-12-11,Returning
CUST0193,2025-10-09,New
CUST0194,2025-08-15,New
CUST0195,2025-07-20,Returning
CUST0196,2025-09-29,New
CUST0197,2025-12-30,New
CUST0198,2025-10-01,New
CUST0199,2026-03-18,New
CUST0200,2025-11-09,New
CUST0201,2025-07-31,Returning
CUST0202,2025-10-21,New
CUST0203,2026-01-18,New
CUST0204,2026-01-29,New
CUST0205,2025-07-15,New
CUST0206,2025-10-14,New
CUST0207,2025-10-16,New
CUST0208,2026-02-21,New
CUST0209,2025-11-03,New
CUST0210,2026-01-19,New
CUST0211,2026-02-13,New
CUST0212,2025-07-22,Returning
CUST0213,2025-07-05,New
CUST0214,2026-01-30,Returning
CUST0215,2026-03-22,New
CUST0216,2025-12-19,New
CUST0217,2026-03-19,Returning
CUST0218,2026-03-04,New
CUST0219,2025-08-22,Returning
CUST0220,2025-10-29,New
CUST0221,2026-03-20,New
CUST0222,2025-12-08,Returning
CUST0223,2026-02-05,New
CUST0224,2025-12-15,Returning
CUST0225,2025-11-29,Returning
CUST0226,2025-09-10,New
CUST0227,2025-10-29,New
CUST0228,2025-07-05,New
CUST0229,2025-09-24,New
CUST0230,2026-02-15,New
CUST0231,2025-11-07,New
CUST0232,2025-12-23,Returning
CUST0233,2026-01-19,New
CUST0234,2025-09-08,Returning
CUST0235,2025-10-23,New
CUST0236,2026-03-07,New
CUST0237,2025-08-10,Returning
CUST0238,2025-10-04,Returning
CUST0239,2025-09-30,Returning
CUST0240,2025-08-31,New
CUST0241,2025-10-08,Returning
CUST0242,2026-02-27,Returning
CUST0243,2025-08-02,New
CUST0244,2026-03-06,New
CUST0245,2025-12-01,New
CUST0246,2025-10-07,New
CUST0247,2026-03-29,New
CUST0248,2025-08-15,Returning
CUST0249,2025-09-27,New
CUST0250,2026-01-22,New
CUST0251,2026-02-06,New
CUST0252,2025-08-21,New
CUST0253,2026-01-01,Returning
CUST0254,2026-02-07,New
CUST0255,2025-12-23,New
CUST0256,2026-01-17,New
CUST0257,2026-02-02,New
CUST0258,2025-09-04,Returning
CUST0259,2026-01-05,New
CUST0260,2025-10-09,Returning
CUST0261,2025-10-20,Returning
CUST0262,2026-01-23,New
CUST0263,2025-10-05,New
CUST0264,2025-08-04,Returning
CUST0265,2025-10-04,New
CUST0266,2025-11-06,Returning
CUST0267,2025-08-05,New
CUST0268,2025-10-02,New
CUST0269,2025-09-02,Returning
CUST0270,2025-07-29,New
CUST0271,2025-11-10,New
CUST0272,2025-12-13,New
CUST0273,2025-12-15,New
CUST0274,2026-02-16,Returning
CUST0275,2025-07-12,Returning
CUST0276,2026-02-13,New
CUST0277,2025-07-07,Returning
CUST0278,2025-10-28,Returning
CUST0279,2025-12-14,New
CUST0280,2026-02-02,Returning
CUST0281,2025-09-28,New
CUST0282,2025-10-18,New
CUST0283,2025-07-16,New
CUST0284,2026-03-21,Returning
CUST0285,2025-12-09,Returning
CUST0286,2026-01-02,Returning
CUST0287,2026-03-03,New
CUST0288,2025-12-05,New
CUST0289,2026-03-19,New
CUST0290,2026-03-11,New
CUST0291,2025-12-31,New
CUST0292,2025-10-14,New
CUST0293,2025-09-25,New
CUST0294,2025-11-13,Returning
CUST0295,2025-11-29,New
CUST0296,2025-12-15,New
CUST0297,2025-08-05,New
CUST0298,2026-01-30,New
CUST0299,2025-11-17,New
CUST0300,2025-07-31,Returning
CUST0301,2026-03-15,New
CUST0302,2025-07-17,Returning
CUST0303,2025-09-20,Returning
CUST0304,2026-03-03,New
CUST0305,2025-08-23,New
CUST0306,2025-08-18,New
CUST0307,2025-09-27,New
CUST0308,2025-10-12,Returning
CUST0309,2025-09-08,New
CUST0310,2025-08-18,Returning
CUST0311,2025-09-06,Returning
CUST0312,2025-08-15,New
CUST0313,2025-11-03,New
CUST0314,2025-11-27,New
CUST0315,2025-09-20,New
CUST0316,2026-03-30,Returning
CUST0317,2025-10-07,New
CUST0318,2025-10-30,Returning
CUST0319,2026-02-23,Returning
CUST0320,2026-02-09,Returning
CUST0321,2025-11-16,New
CUST0322,2026-03-18,New
CUST0323,2026-01-17,New
CUST0324,2025-07-09,Returning
CUST0325,2026-01-11,New
CUST0326,2025-11-22,New
CUST0327,2025-12-30,Returning
CUST0328,2025-12-21,New
CUST0329,2026-01-23,Returning
CUST0330,2025-10-17,New
CUST0331,2026-01-30,Returning
CUST0332,2026-01-01,New
CUST0333,2026-02-20,New
CUST0334,2025-10-08,Returning
CUST0335,2025-08-07,New
CUST0336,2025-12-27,New
CUST0337,2026-01-01,New
CUST0338,2026-03-21,New
CUST0339,2025-07-16,New
CUST0340,2025-11-08,New
CUST0341,2025-09-25,New
CUST0342,2025-10-13,New
CUST0343,2026-02-21,Returning
CUST0344,2025-10-20,New
CUST0345,2026-01-21,Returning
CUST0346,2025-08-07,New
CUST0347,2025-12-09,New
CUST0348,2025-10-06,Returning
CUST0349,2026-03-12,Returning
CUST0350,2025-12-26,Returning
CUST0351,2025-08-10,New
CUST0352,2025-12-09,Returning
CUST0353,2025-10-31,Returning
CUST0354,2025-11-25,New
CUST0355,2026-01-27,New
CUST0356,2026-02-03,New
CUST0357,2025-12-28,New
CUST0358,2025-10-10,New
CUST0359,2025-09-17,New
CUST0360,2026-01-29,Returning
CUST0361,2026-03-30,New
CUST0362,2025-09-27,Returning
CUST0363,2025-10-20,Returning
CUST0364,2026-01-24,New
CUST0365,2025-08-13,Returning
CUST0366,2025-10-28,New
CUST0367,2025-09-12,New
CUST0368,2026-01-28,New
CUST0369,2025-07-22,Returning
CUST0370,2026-02-04,New
CUST0371,2025-08-23,New
CUST0372,2026-01-11,New
CUST0373,2025-07-09,New
CUST0374,2026-01-03,New
CUST0375,2025-11-14,New
CUST0376,2025-07-24,New
CUST0377,2026-01-06,New
CUST0378,2025-07-30,New
CUST0379,2025-08-02,New
CUST0380,2026-03-28,New
CUST0381,2025-08-31,Returning
CUST0382,2025-10-30,New
CUST0383,2025-10-09,New
CUST0384,2025-12-13,New
CUST0385,2026-03-02,New
CUST0386,2026-01-23,New
CUST0387,2025-12-23,New
CUST0388,2026-02-18,Returning
CUST0389,2025-10-31,New
CUST0390,2025-07-28,New
CUST0391,2025-08-12,Returning
CUST0392,2025-09-23,New
CUST0393,2025-10-15,Returning
CUST0394,2025-09-03,New
CUST0395,2026-02-04,New
CUST0396,2025-07-06,New
CUST0397,2026-03-29,New
CUST0398,2025-10-26,New
CUST0399,2025-10-24,Returning
CUST0400,2025-12-28,New
CUST0401,2025-10-03,Returning
CUST0402,2026-03-04,New
CUST0403,2025-09-19,New
CUST0404,2026-02-01,New
CUST0405,2025-08-31,Returning
CUST0406,2025-08-29,New
CUST0407,2025-09-07,Returning
CUST0408,2026-02-21,Returning
CUST0409,2026-02-11,Returning
CUST0410,2025-12-22,New
CUST0411,2026-03-29,New
CUST0412,2025-12-08,Returning
CUST0413,2026-01-15,New
CUST0414,2025-12-22,New
CUST0415,2025-07-20,Returning
CUST0416,2025-11-07,New
CUST0417,2025-07-15,New
CUST0418,2026-03-23,Returning
CUST0419,2026-02-13,New
CUST0420,2025-07-13,Returning
CUST0421,2026-03-23,Returning
CUST0422,2026-02-13,New
CUST0423,2025-09-11,New
CUST0424,2026-03-15,New
CUST0425,2025-10-21,New
CUST0426,2026-02-17,New
CUST0427,2026-01-11,Returning
CUST0428,2026-01-03,New
CUST0429,2025-11-11,New
CUST0430,2025-08-14,Returning
CUST0431,2025-11-10,New
CUST0432,2026-01-13,New
CUST0433,2025-12-07,Returning
CUST0434,2026-02-03,New
CUST0435,2025-08-08,New
CUST0436,2025-11-07,New
CUST0437,2025-12-08,Returning
CUST0438,2025-07-05,Returning
CUST0439,2026-01-31,New
CUST0440,2025-07-26,New
CUST0441,2025-11-22,New
CUST0442,2026-01-14,New
CUST0443,2025-07-25,New
CUST0444,2026-02-03,New
CUST0445,2025-10-24,New
CUST0446,2026-01-09,New
CUST0447,2026-03-06,New
CUST0448,2025-10-05,Returning
CUST0449,2025-11-02,New
CUST0450,2026-02-04,New
CUST0451,2025-09-30,Returning
CUST0452,2025-08-18,New
CUST0453,2025-08-19,New
CUST0454,2025-09-02,New
CUST0455,2025-10-26,New
CUST0456,2025-10-19,New
CUST0457,2026-01-08,Returning
CUST0458,2025-10-07,New
CUST0459,2025-08-30,New
CUST0460,2026-02-22,New
CUST0461,2025-08-27,Returning
CUST0462,2025-10-20,Returning
CUST0463,2025-12-13,New
CUST0464,2026-01-18,New
CUST0465,2025-07-05,New
CUST0466,2025-10-28,Returning
CUST0467,2026-02-15,Returning
CUST0468,2026-01-11,Returning
CUST0469,2025-12-25,New
CUST0470,2025-11-16,New
CUST0471,2026-02-01,New
CUST0472,2025-11-06,Returning
CUST0473,2025-10-05,New
CUST0474,2025-10-03,Returning
CUST0475,2025-12-11,New
CUST0476,2026-01-04,Returning
CUST0477,2025-11-30,New
CUST0478,2026-03-19,Returning
CUST0479,2026-03-15,Returning
CUST0480,2026-01-13,Returning
CUST0481,2025-08-23,New
CUST0482,2026-02-19,New
CUST0483,2025-08-12,Returning
CUST0484,2025-12-22,New
CUST0485,2025-12-29,New
CUST0486,2025-08-29,New
CUST0487,2026-03-16,Returning
CUST0488,2025-08-03,New
CUST0489,2025-10-15,New
CUST0490,2026-03-31,New
CUST0491,2025-08-05,Returning
CUST0492,2026-03-23,Returning
CUST0493,2025-11-29,Returning
CUST0494,2026-03-05,Returning
CUST0495,2026-01-10,Returning
CUST0496,2025-07-18,New
CUST0497,2025-10-04,New
CUST0498,2025-10-24,Returning
CUST0499,2025-08-09,New
CUST0500,2025-08-12,Returning
CUST0501,2025-08-13,New
CUST0502,2026-03-31,New
CUST0503,2025-07-16,New
CUST0504,2025-07-26,New
CUST0505,2025-11-27,New
CUST0506,2025-10-07,New
CUST0507,2026-02-09,Returning
CUST0508,2025-09-12,New
CUST0509,2025-08-04,New
CUST0510,2025-11-30,New
CUST0511,2025-10-06,New
CUST0512,2026-02-16,New
CUST0513,2025-12-31,New
CUST0514,2025-12-30,New
CUST0515,2025-07-08,Returning
CUST0516,2026-01-01,Returning
CUST0517,2026-03-25,New
CUST0518,2025-08-02,New
CUST0519,2025-11-16,Returning
CUST0520,2025-10-29,New
CUST0521,2025-12-16,Returning
CUST0522,2025-12-29,Returning
CUST0523,2025-09-20,Returning
CUST0524,2026-01-08,New
CUST0525,2025-11-30,New
CUST0526,2026-02-13,New
CUST0527,2025-10-27,New
CUST0528,2026-03-17,New
CUST0529,2025-07-08,New
CUST0530,2026-03-28,Returning
CUST0531,2025-07-24,Returning
CUST0532,2026-01-13,Returning
CUST0533,2025-10-24,Returning
CUST0534,2025-10-02,New
CUST0535,2025-11-18,New
CUST0536,2025-09-16,New
CUST0537,2026-03-25,Returning
CUST0538,2026-03-18,Returning
CUST0539,2025-08-27,New
CUST0540,2026-03-05,New
CUST0541,2025-11-01,Returning
CUST0542,2025-07-17,New
CUST0543,2025-08-25,New
CUST0544,2025-10-27,New
CUST0545,2025-12-13,New
CUST0546,2025-08-25,Returning
CUST0547,2025-11-24,New
CUST0548,2025-10-18,Returning
CUST0549,2025-10-12,Returning
CUST0550,2026-01-08,Returning
CUST0551,2025-10-27,Returning
CUST0552,2025-11-13,Returning
CUST0553,2026-01-02,Returning
CUST0554,2025-08-28,Returning
CUST0555,2025-09-30,Returning
CUST0556,2026-03-23,Returning
CUST0557,2026-02-06,New
CUST0558,2025-12-05,New
CUST0559,2026-01-29,New
CUST0560,2025-11-25,Returning
CUST0561,2026-03-23,New
CUST0562,2025-11-29,Returning
CUST0563,2025-11-26,New
CUST0564,2025-10-03,New
CUST0565,2026-03-02,Returning
CUST0566,2026-02-08,New
CUST0567,2026-02-26,New
CUST0568,2025-07-29,New
CUST0569,2026-01-01,Returning
CUST0570,2025-10-30,New
CUST0571,2025-08-19,New
CUST0572,2025-07-19,New
CUST0573,2026-01-12,New
CUST0574,2025-10-04,Returning
CUST0575,2025-08-26,New
CUST0576,2025-11-26,Returning
CUST0577,2026-01-30,New
CUST0578,2025-09-03,Returning
CUST0579,2026-03-16,New
CUST0580,2026-01-11,New
CUST0581,2025-10-21,New
CUST0582,2025-11-25,New
CUST0583,2025-12-24,Returning
CUST0584,2025-11-22,New
CUST0585,2026-03-28,New
CUST0586,2026-03-12,New
CUST0587,2025-12-06,New
CUST0588,2025-08-21,Returning
CUST0589,2025-12-28,New
CUST0590,2025-09-25,New
CUST0591,2026-02-21,Returning
CUST0592,2025-07-24,Returning
CUST0593,2025-10-07,Returning
CUST0594,2026-02-09,New
CUST0595,2026-02-05,New
CUST0596,2025-09-26,Returning
CUST0597,2025-10-03,New
CUST0598,2025-08-31,Returning
CUST0599,2026-02-21,New
CUST0600,2025-08-30,Returning
CUST0601,2026-01-30,New
CUST0602,2025-09-10,New
CUST0603,2025-07-15,New
CUST0604,2025-11-21,Returning
CUST0605,2025-10-05,New
CUST0606,2025-07-11,New
CUST0607,2025-07-25,New
CUST0608,2025-12-15,New
CUST0609,2025-07-29,New
CUST0610,2025-11-22,New
CUST0611,2025-08-16,New
CUST0612,2025-09-29,Returning
CUST0613,2025-07-21,Returning
CUST0614,2026-03-17,New
CUST0615,2025-12-29,New
CUST0616,2025-07-17,New
CUST0617,2026-01-07,Returning
CUST0618,2025-12-17,Returning
CUST0619,2026-01-11,Returning
CUST0620,2025-12-24,New
CUST0621,2025-08-05,New
CUST0622,2025-08-31,New
CUST0623,2025-10-19,New
CUST0624,2026-02-17,New
CUST0625,2025-11-08,New
CUST0626,2026-02-22,New
CUST0627,2025-12-28,New
CUST0628,2025-12-19,New
CUST0629,2025-08-18,Returning
CUST0630,2026-03-14,Returning
CUST0631,2026-02-04,Returning
CUST0632,2025-09-26,New
CUST0633,2025-10-01,New
CUST0634,2025-12-28,New
CUST0635,2025-08-10,New
CUST0636,2025-11-03,Returning
CUST0637,2025-11-27,Returning
CUST0638,2026-03-28,Returning
CUST0639,2025-07-31,New
CUST0640,2025-08-07,New
CUST0641,2025-08-11,Returning
CUST0642,2025-11-26,Returning
CUST0643,2026-02-06,New
CUST0644,2026-02-08,New
CUST0645,2026-03-22,New
CUST0646,2025-11-19,Returning
CUST0647,2025-12-16,Returning
CUST0648,2025-07-24,Returning
CUST0649,2026-02-23,New
CUST0650,2025-08-14,New
CUST0651,2025-09-25,New
CUST0652,2026-01-08,New
CUST0653,2025-08-16,New
CUST0654,2026-02-06,New
CUST0655,2025-10-21,New
CUST0656,2025-12-18,Returning
CUST0657,2026-03-03,New
CUST0658,2026-03-11,New
CUST0659,2026-02-26,Returning
CUST0660,2026-03-31,New
CUST0661,2025-09-13,New
CUST0662,2025-11-01,Returning
CUST0663,2025-11-18,New
CUST0664,2025-08-29,New
CUST0665,2025-12-07,New
CUST0666,2026-03-07,Returning
CUST0667,2025-08-09,Returning
CUST0668,2025-09-26,New
CUST0669,2025-12-28,New
CUST0670,2025-11-25,New
CUST0671,2025-11-07,Returning
CUST0672,2026-02-10,New
CUST0673,2025-07-25,New
CUST0674,2026-03-01,New
CUST0675,2025-08-05,New
CUST0676,2026-03-19,New
CUST0677,2026-02-25,New
CUST0678,2025-10-19,New
CUST0679,2026-01-19,New
CUST0680,2025-12-18,New
CUST0681,2026-03-25,Returning
CUST0682,2026-01-09,New
CUST0683,2025-11-01,New
CUST0684,2025-12-05,Returning
CUST0685,2025-07-26,New
CUST0686,2025-10-30,Returning
CUST0687,2025-08-27,Returning
CUST0688,2025-10-25,New
CUST0689,2025-07-08,New
CUST0690,2025-12-19,New
CUST0691,2025-11-29,New
CUST0692,2025-10-02,New
CUST0693,2026-03-21,Returning
CUST0694,2025-08-01,New
CUST0695,2025-07-21,New
CUST0696,2025-12-30,Returning
CUST0697,2025-11-03,New
CUST0698,2026-02-12,New
CUST0699,2026-03-10,New
CUST0700,2025-08-18,New
CUST0701,2025-11-08,New
CUST0702,2026-03-02,New
CUST0703,2026-03-29,Returning
CUST0704,2025-08-08,New
CUST0705,2025-08-15,New
CUST0706,2026-02-18,New
CUST0707,2025-08-04,New
CUST0708,2025-11-02,Returning
CUST0709,2025-09-29,New
CUST0710,2025-09-08,New
CUST0711,2026-03-07,New
CUST0712,2026-01-19,New
CUST0713,2025-11-17,New
CUST0714,2026-03-12,Returning
CUST0715,2025-10-04,New
CUST0716,2025-10-12,New
CUST0717,2026-02-23,New
CUST0718,2026-03-16,New
CUST0719,2026-03-05,New
CUST0720,2026-02-08,Returning
CUST0721,2025-12-26,Returning
CUST0722,2026-02-09,New
CUST0723,2026-03-04,New
CUST0724,2026-03-05,New
CUST0725,2025-12-22,New
CUST0726,2025-12-23,New
CUST0727,2025-10-19,New
CUST0728,2025-11-18,New
CUST0729,2025-11-02,New
CUST0730,2025-07-19,New
CUST0731,2025-10-24,New
CUST0732,2025-08-09,New
CUST0733,2026-01-17,New
CUST0734,2026-02-15,New
CUST0735,2025-07-20,New
CUST0736,2026-02-12,Returning
CUST0737,2025-11-06,New
CUST0738,2026-01-15,New
CUST0739,2025-07-29,New
CUST0740,2025-11-15,Returning
CUST0741,2025-08-06,New
CUST0742,2025-09-10,New
CUST0743,2025-12-22,Returning
CUST0744,2026-01-24,New
CUST0745,2025-09-04,New
CUST0746,2025-10-22,New
CUST0747,2025-11-13,Returning
CUST0748,2025-07-25,Returning
CUST0749,2026-03-13,New
CUST0750,2025-11-10,New
CUST0751,2026-03-25,New
CUST0752,2025-10-10,Returning
CUST0753,2026-03-16,Returning
CUST0754,2026-02-24,Returning
CUST0755,2025-11-11,New
CUST0756,2026-03-19,New
CUST0757,2025-11-17,New
CUST0758,2026-03-16,Returning
CUST0759,2025-12-04,New
CUST0760,2025-08-06,New
CUST0761,2025-11-28,New
CUST0762,2025-11-09,Returning
CUST0763,2026-03-22,Returning
CUST0764,2026-03-28,Returning
CUST0765,2025-08-10,New
CUST0766,2025-12-16,New
CUST0767,2025-07-12,New
CUST0768,2025-09-13,Returning
CUST0769,2025-11-14,Returning
CUST0770,2026-01-09,New
CUST0771,2025-08-27,New
CUST0772,2025-10-27,Returning
CUST0773,2025-08-13,New
CUST0774,2026-01-30,Returning
CUST0775,2026-01-25,New
CUST0776,2025-11-12,Returning
CUST0777,2026-03-02,New
CUST0778,2025-11-28,New
CUST0779,2025-09-13,Returning
CUST0780,2026-03-04,Returning
CUST0781,2025-09-07,Returning
CUST0782,2025-07-21,New
CUST0783,2026-03-24,Returning
CUST0784,2025-12-24,New
CUST0785,2025-12-26,New
CUST0786,2025-10-05,New
CUST0787,2026-01-03,Returning
CUST0788,2025-09-18,New
CUST0789,2026-02-11,Returning
CUST0790,2025-12-31,Returning
CUST0791,2025-11-30,New
CUST0792,2025-12-14,Returning
CUST0793,2025-09-20,Returning
CUST0794,2025-08-27,Returning
CUST0795,2025-07-25,New
CUST0796,2025-11-26,New
CUST0797,2025-08-13,Returning
CUST0798,2026-01-21,Returning
CUST0799,2025-10-23,New
CUST0800,2025-09-05,New
CUST0801,2026-01-20,New
CUST0802,2025-12-21,New
CUST0803,2025-09-29,Returning
CUST0804,2025-11-17,Returning
CUST0805,2025-12-13,New
CUST0806,2026-01-15,New
CUST0807,2025-12-01,Returning
CUST0808,2025-11-27,New
CUST0809,2025-11-05,Returning
CUST0810,2026-03-14,New
CUST0811,2025-08-30,New
CUST0812,2025-10-24,Returning
CUST0813,2026-01-04,Returning
CUST0814,2025-08-27,Returning
CUST0815,2026-01-03,New
CUST0816,2025-07-07,Returning
CUST0817,2025-07-12,New
CUST0818,2025-09-01,New
CUST0819,2026-02-26,New
CUST0820,2025-08-17,Returning
CUST0821,2025-10-05,New
CUST0822,2025-07-23,New
CUST0823,2026-03-10,Returning
CUST0824,2025-12-29,New
CUST0825,2026-01-15,New
CUST0826,2025-07-11,New
CUST0827,2026-02-13,New
CUST0828,2025-08-29,New
CUST0829,2025-07-05,New
CUST0830,2025-10-06,New
CUST0831,2025-09-15,Returning
CUST0832,2025-08-07,New
CUST0833,2025-11-22,New
CUST0834,2026-01-25,New
CUST0835,2026-01-18,New
CUST0836,2025-12-03,Returning
CUST0837,2025-07-21,New
CUST0838,2025-11-26,New
CUST0839,2025-07-11,New
CUST0840,2025-07-31,New
CUST0841,2026-03-17,New
CUST0842,2026-02-15,Returning
CUST0843,2025-11-11,New
CUST0844,2025-11-18,New
CUST0845,2026-03-11,New
CUST0846,2026-03-27,New
CUST0847,2026-01-06,New
CUST0848,2025-08-26,New
CUST0849,2025-12-29,New
CUST0850,2025-09-21,New
CUST0851,2025-09-20,Returning
CUST0852,2025-11-04,Returning
CUST0853,2026-01-21,New
CUST0854,2026-01-31,New
CUST0855,2025-07-19,Returning
CUST0856,2025-09-17,New
CUST0857,2025-07-23,Returning
CUST0858,2025-11-10,New
CUST0859,2025-11-24,New
CUST0860,2025-12-07,Returning
CUST0861,2025-12-02,New
CUST0862,2025-09-15,New
CUST0863,2026-01-14,New
CUST0864,2026-01-22,New
CUST0865,2025-08-06,Returning
CUST0866,2025-08-04,New
CUST0867,2025-09-13,New
CUST0868,2025-11-06,New
CUST0869,2025-11-09,Returning
CUST0870,2025-11-01,New
CUST0871,2025-12-17,New
CUST0872,2025-12-24,New
CUST0873,2025-07-21,Returning
CUST0874,2025-11-18,New
CUST0875,2025-12-20,New
CUST0876,2025-07-27,New
CUST0877,2026-03-09,New
CUST0878,2026-01-20,Returning
CUST0879,2026-03-25,New
CUST0880,2025-07-17,New
CUST0881,2026-02-25,Returning
CUST0882,2025-12-22,New
CUST0883,2025-07-31,New
CUST0884,2026-03-12,New
CUST0885,2025-11-30,Returning
CUST0886,2025-07-17,New
CUST0887,2026-03-25,New
CUST0888,2025-11-26,New
CUST0889,2025-08-03,New
CUST0890,2026-01-26,New
CUST0891,2025-11-04,New
CUST0892,2025-10-09,Returning
CUST0893,2025-07-15,Returning
CUST0894,2026-01-14,New
CUST0895,2026-02-08,New
CUST0896,2025-10-14,Returning
CUST0897,2025-09-26,Returning
CUST0898,2025-10-23,Returning
CUST0899,2026-01-11,New
CUST0900,2025-08-26,Returning
CUST0901,2025-12-27,New
CUST0902,2025-12-24,Returning
CUST0903,2026-03-26,Returning
CUST0904,2025-11-06,Returning
CUST0905,2025-07-30,New
CUST0906,2025-10-25,Returning
CUST0907,2025-09-04,Returning
CUST0908,2026-03-09,New
CUST0909,2025-11-22,New
CUST0910,2025-08-21,Returning
CUST0911,2025-08-27,New
CUST0912,2026-01-12,New
CUST0913,2026-02-05,New
CUST0914,2026-01-02,Returning
CUST0915,2026-02-04,New
CUST0916,2025-08-07,New
CUST0917,2025-12-06,Returning
CUST0918,2026-01-06,New
CUST0919,2025-12-11,Returning
CUST0920,2025-08-02,New
CUST0921,2025-11-05,New
CUST0922,2025-12-26,New
CUST0923,2026-01-21,New
CUST0924,2026-02-04,New
CUST0925,2025-09-13,Returning
CUST0926,2025-08-24,New
CUST0927,2025-07-26,Returning
CUST0928,2026-01-22,New
CUST0929,2025-09-06,New
CUST0930,2025-09-30,New
CUST0931,2026-01-22,Returning
CUST0932,2025-08-04,New
CUST0933,2026-03-08,Returning
CUST0934,2025-10-19,New
CUST0935,2025-10-30,New
CUST0936,2025-08-10,New
CUST0937,2025-09-08,New
CUST0938,2026-02-15,New
CUST0939,2026-03-17,New
CUST0940,2026-02-25,New
CUST0941,2026-02-08,New
CUST0942,2025-07-16,New
CUST0943,2026-03-11,Returning
CUST0944,2025-10-15,Returning
CUST0945,2026-02-12,New
CUST0946,2026-03-10,New
CUST0947,2026-03-05,New
CUST0948,2026-03-11,Returning
CUST0949,2026-01-08,New
CUST0950,2026-03-28,New
CUST0951,2025-12-28,New
CUST0952,2025-07-28,New
CUST0953,2025-12-13,New
CUST0954,2025-09-22,New
CUST0955,2025-08-29,New
CUST0956,2025-11-06,Returning
CUST0957,2025-11-16,Returning
CUST0958,2025-08-24,Returning
CUST0959,2026-01-20,New
CUST0960,2025-11-05,New
CUST0961,2025-08-21,New
CUST0962,2025-10-09,New
CUST0963,2025-07-24,New
CUST0964,2025-12-01,Returning
CUST0965,2025-12-14,New
CUST0966,2025-09-05,Returning
CUST0967,2026-02-14,Returning
CUST0968,2025-09-16,Returning
CUST0969,2026-01-14,Returning
CUST0970,2026-01-02,New
CUST0971,2025-11-01,New
CUST0972,2025-08-08,Returning
CUST0973,2026-01-17,New
CUST0974,2025-10-06,New
CUST0975,2025-11-19,New
CUST0976,2025-10-22,New
CUST0977,2026-03-16,Returning
CUST0978,2025-10-23,New
CUST0979,2025-08-15,New
CUST0980,2025-10-15,Returning
CUST0981,2025-12-08,New
CUST0982,2025-12-07,New
CUST0983,2026-02-08,New
CUST0984,2026-02-04,New
CUST0985,2025-12-02,New
CUST0986,2026-02-03,New
CUST0987,2026-03-04,Returning
CUST0988,2025-08-20,New
CUST0989,2025-08-11,New
CUST0990,2025-11-13,New
CUST0991,2025-11-23,Returning
CUST0992,2025-09-20,New
CUST0993,2025-12-07,New
CUST0994,2025-07-22,New
CUST0995,2025-11-11,Returning
CUST0996,2026-01-22,New
CUST0997,2026-02-25,Returning
CUST0998,2025-08-28,New
CUST0999,2026-02-28,New
CUST1000,2025-12-04,Returning
