order_id,customer_id,session_id,order_date,order_status
ORD00001,CUST0737,SES00007,2026-02-11 04:25:22,Completed
ORD00002,CUST0826,SES00021,2026-01-18 09:59:33,Completed
ORD00003,CUST0632,SES00030,2026-02-14 11:17:03,Completed
ORD00004,CUST0976,SES00032,2026-02-14 20:01:32,Completed
ORD00005,CUST0595,SES00035,2026-02-26 11:20:02,Completed
ORD00006,CUST0169,SES00037,2026-01-24 16:39:49,Completed
ORD00007,CUST0612,SES00039,2026-03-01 08:40:43,Completed
ORD00008,CUST0054,SES00052,2026-03-02 18:00:50,Completed
ORD00009,CUST0018,SES00058,2026-01-07 13:34:05,Completed
ORD00010,CUST0537,SES00099,2026-03-31 21:49:38,Completed
ORD00011,CUST0921,SES00117,2026-02-19 16:21:00,Completed
ORD00012,CUST0583,SES00122,2026-02-12 13:18:24,Completed
ORD00013,CUST0979,SES00123,2026-03-26 18:59:32,Completed
ORD00014,CUST0056,SES00126,2026-01-22 15:44:58,Completed
ORD00015,CUST0958,SES00129,2026-03-23 10:47:56,Completed
ORD00016,CUST0042,SES00136,2026-01-28 02:40:25,Completed
ORD00017,CUST0216,SES00141,2026-03-03 03:06:47,Completed
ORD00018,CUST0444,SES00142,2026-02-04 15:35:47,Completed
ORD00019,CUST0949,SES00143,2026-02-14 00:57:08,Completed
ORD00020,CUST0811,SES00153,2026-02-07 16:33:04,Completed
ORD00021,CUST0236,SES00156,2026-03-23 01:00:15,Completed
ORD00022,CUST0578,SES00157,2026-01-02 19:45:48,Completed
ORD00023,CUST0665,SES00160,2026-02-20 16:45:31,Completed
ORD00024,CUST0744,SES00168,2026-03-19 07:04:51,Completed
ORD00025,CUST0878,SES00174,2026-01-24 02:40:45,Completed
ORD00026,CUST0647,SES00181,2026-02-25 12:18:03,Completed
ORD00027,CUST0462,SES00182,2026-01-17 06:07:01,Completed
ORD00028,CUST0849,SES00187,2026-01-22 10:19:26,Completed
ORD00029,CUST0918,SES00190,2026-01-30 06:51:05,Completed
ORD00030,CUST0308,SES00203,2026-01-21 20:49:59,Completed
ORD00031,CUST0409,SES00208,2026-03-25 04:43:46,Completed
ORD00032,CUST0727,SES00214,2026-03-29 18:27:48,Completed
ORD00033,CUST0088,SES00227,2026-03-08 07:23:06,Completed
ORD00034,CUST0215,SES00244,2026-03-24 10:38:58,Completed
ORD00035,CUST0918,SES00249,2026-01-31 01:28:53,Completed
ORD00036,CUST0748,SES00261,2026-02-21 02:55:57,Completed
ORD00037,CUST0746,SES00276,2026-03-20 20:56:11,Completed
ORD00038,CUST0600,SES00291,2026-01-06 06:59:23,Completed
ORD00039,CUST0590,SES00297,2026-01-21 02:51:15,Completed
ORD00040,CUST0166,SES00305,2026-01-12 08:38:42,Completed
ORD00041,CUST0266,SES00316,2026-02-26 11:29:38,Completed
ORD00042,CUST0894,SES00317,2026-03-21 12:15:49,Completed
ORD00043,CUST0233,SES00320,2026-01-31 04:21:25,Completed
ORD00044,CUST0536,SES00326,2026-03-07 16:42:24,Completed
ORD00045,CUST0362,SES00332,2026-01-28 15:00:17,Completed
ORD00046,CUST0251,SES00333,2026-02-28 18:55:52,Completed
ORD00047,CUST0479,SES00338,2026-03-30 11:54:10,Completed
ORD00048,CUST0246,SES00347,2026-02-23 16:09:33,Completed
ORD00049,CUST0425,SES00353,2026-01-18 16:10:27,Completed
ORD00050,CUST0405,SES00359,2026-02-06 00:30:16,Completed
ORD00051,CUST0874,SES00361,2026-03-05 20:10:00,Completed
ORD00052,CUST0568,SES00378,2026-01-04 14:37:28,Completed
ORD00053,CUST0121,SES00386,2026-01-20 22:51:23,Completed
ORD00054,CUST0975,SES00399,2026-02-28 10:05:53,Completed
ORD00055,CUST0586,SES00403,2026-03-31 07:58:38,Completed
ORD00056,CUST0727,SES00417,2026-01-19 14:30:17,Completed
ORD00057,CUST0391,SES00425,2026-01-10 07:33:33,Completed
ORD00058,CUST0043,SES00440,2026-02-19 17:55:37,Completed
ORD00059,CUST0847,SES00448,2026-03-05 14:05:50,Completed
ORD00060,CUST0692,SES00457,2026-01-21 23:54:10,Completed
ORD00061,CUST0070,SES00462,2026-01-02 17:21:46,Completed
ORD00062,CUST0667,SES00473,2026-03-31 23:08:59,Completed
ORD00063,CUST0505,SES00518,2026-03-26 21:48:04,Completed
ORD00064,CUST0317,SES00564,2026-02-23 13:48:59,Completed
ORD00065,CUST0668,SES00568,2026-03-16 15:14:09,Completed
ORD00066,CUST0337,SES00575,2026-01-31 19:28:34,Completed
ORD00067,CUST0911,SES00599,2026-02-19 15:50:20,Completed
ORD00068,CUST0030,SES00613,2026-03-06 06:30:11,Completed
ORD00069,CUST0297,SES00626,2026-02-24 04:44:45,Completed
ORD00070,CUST0175,SES00637,2026-03-14 00:28:04,Completed
ORD00071,CUST0311,SES00638,2026-03-04 15:28:57,Completed
ORD00072,CUST0726,SES00640,2026-03-17 07:07:15,Completed
ORD00073,CUST0303,SES00663,2026-02-25 10:56:10,Completed
ORD00074,CUST0080,SES00667,2026-02-13 02:25:33,Completed
ORD00075,CUST0925,SES00682,2026-03-28 11:37:05,Completed
ORD00076,CUST0790,SES00700,2026-02-13 10:00:47,Completed
ORD00077,CUST0785,SES00710,2026-02-02 01:27:24,Completed
ORD00078,CUST0435,SES00714,2026-03-01 21:51:12,Completed
ORD00079,CUST0355,SES00731,2026-03-06 10:58:56,Completed
ORD00080,CUST0349,SES00734,2026-03-31 23:51:20,Completed
ORD00081,CUST0730,SES00737,2026-03-23 23:19:47,Completed
ORD00082,CUST0041,SES00738,2026-03-26 06:36:38,Completed
ORD00083,CUST0448,SES00743,2026-03-14 12:35:13,Completed
ORD00084,CUST0081,SES00746,2026-02-17 05:58:41,Completed
ORD00085,CUST0936,SES00753,2026-02-14 10:57:22,Completed
ORD00086,CUST0353,SES00762,2026-01-16 03:29:02,Completed
ORD00087,CUST0659,SES00768,2026-03-26 14:34:04,Completed
ORD00088,CUST0840,SES00784,2026-03-28 08:38:22,Completed
ORD00089,CUST0879,SES00791,2026-03-29 07:35:20,Completed
ORD00090,CUST0641,SES00794,2026-03-30 06:21:40,Completed
ORD00091,CUST0527,SES00802,2026-02-02 18:18:59,Completed
ORD00092,CUST0059,SES00827,2026-02-03 18:11:24,Completed
ORD00093,CUST0543,SES00829,2026-03-12 22:18:45,Completed
ORD00094,CUST0099,SES00830,2026-02-04 11:43:00,Completed
ORD00095,CUST0924,SES00842,2026-03-06 02:00:56,Completed
ORD00096,CUST0132,SES00843,2026-03-08 22:54:24,Completed
ORD00097,CUST0998,SES00846,2026-03-16 15:10:15,Completed
ORD00098,CUST0290,SES00850,2026-03-25 23:06:49,Completed
ORD00099,CUST0971,SES00853,2026-03-12 19:42:37,Completed
ORD00100,CUST0998,SES00872,2026-01-26 13:41:57,Completed
ORD00101,CUST0698,SES00875,2026-03-16 22:27:54,Completed
ORD00102,CUST0892,SES00877,2026-01-15 12:13:12,Completed
ORD00103,CUST0509,SES00889,2026-04-01 00:18:35,Completed
ORD00104,CUST0447,SES00922,2026-03-26 12:16:18,Completed
ORD00105,CUST0190,SES00923,2026-02-10 03:04:07,Completed
ORD00106,CUST0398,SES00925,2026-03-03 12:05:06,Completed
ORD00107,CUST0193,SES00932,2026-03-01 12:46:06,Completed
ORD00108,CUST0273,SES00935,2026-02-11 12:43:43,Completed
ORD00109,CUST0253,SES00939,2026-02-09 11:13:45,Completed
ORD00110,CUST0730,SES00940,2026-02-12 23:33:20,Completed
ORD00111,CUST0257,SES00945,2026-03-25 00:08:41,Completed
ORD00112,CUST0461,SES00952,2026-02-27 08:04:02,Completed
ORD00113,CUST0620,SES00997,2026-01-01 03:33:47,Completed
ORD00114,CUST0890,SES00999,2026-02-26 13:55:01,Completed
ORD00115,CUST0854,SES01000,2026-03-16 13:06:36,Completed
ORD00116,CUST0350,SES01005,2026-02-16 17:11:58,Completed
ORD00117,CUST0757,SES01007,2026-01-10 23:24:37,Completed
ORD00118,CUST0684,SES01011,2026-01-19 16:49:43,Completed
ORD00119,CUST0742,SES01012,2026-02-05 14:34:03,Completed
ORD00120,CUST0620,SES01020,2026-03-11 20:07:51,Completed
ORD00121,CUST0625,SES01038,2026-02-03 14:00:27,Completed
ORD00122,CUST0878,SES01040,2026-02-17 13:05:15,Completed
ORD00123,CUST0578,SES01051,2026-01-06 07:59:54,Completed
ORD00124,CUST0057,SES01057,2026-03-22 22:52:07,Completed
ORD00125,CUST0757,SES01071,2026-02-17 20:34:11,Completed
ORD00126,CUST0137,SES01084,2026-02-21 17:37:12,Completed
ORD00127,CUST0373,SES01094,2026-03-26 04:02:31,Completed
ORD00128,CUST0186,SES01102,2026-02-04 00:02:10,Completed
ORD00129,CUST0898,SES01120,2026-03-20 18:38:37,Completed
ORD00130,CUST0798,SES01123,2026-03-18 15:44:09,Completed
ORD00131,CUST0965,SES01124,2026-03-28 05:34:00,Completed
ORD00132,CUST0787,SES01127,2026-02-15 20:14:57,Completed
ORD00133,CUST0046,SES01128,2026-01-06 18:42:38,Completed
ORD00134,CUST0603,SES01134,2026-03-06 17:23:16,Completed
ORD00135,CUST0043,SES01153,2026-02-12 07:59:23,Completed
ORD00136,CUST0615,SES01154,2026-03-21 02:57:34,Completed
ORD00137,CUST0055,SES01168,2026-03-09 11:13:04,Completed
ORD00138,CUST0657,SES01189,2026-03-31 15:13:54,Completed
ORD00139,CUST0103,SES01192,2026-03-01 15:13:11,Completed
ORD00140,CUST0533,SES01194,2026-03-03 16:32:38,Completed
ORD00141,CUST0190,SES01197,2026-01-08 06:11:20,Completed
ORD00142,CUST0886,SES01200,2026-01-18 06:16:58,Completed
ORD00143,CUST0817,SES01209,2026-03-03 05:44:01,Completed
ORD00144,CUST0041,SES01225,2026-03-28 21:45:57,Completed
ORD00145,CUST0375,SES01247,2026-01-06 14:23:46,Completed
ORD00146,CUST0746,SES01248,2026-03-30 23:07:06,Completed
ORD00147,CUST0365,SES01254,2026-01-17 05:29:05,Completed
ORD00148,CUST0933,SES01257,2026-03-23 16:17:43,Completed
ORD00149,CUST0329,SES01282,2026-01-27 19:38:08,Completed
ORD00150,CUST0610,SES01290,2026-01-19 11:43:54,Completed
ORD00151,CUST0556,SES01291,2026-03-27 12:12:48,Completed
ORD00152,CUST0468,SES01296,2026-03-31 05:11:26,Completed
ORD00153,CUST0795,SES01299,2026-03-22 18:21:53,Completed
ORD00154,CUST0335,SES01316,2026-02-24 00:28:27,Completed
ORD00155,CUST0198,SES01318,2026-01-02 16:10:03,Completed
ORD00156,CUST0724,SES01320,2026-03-08 00:54:39,Completed
ORD00157,CUST0997,SES01325,2026-03-06 05:25:11,Completed
ORD00158,CUST0520,SES01330,2026-02-24 22:01:33,Completed
ORD00159,CUST0434,SES01331,2026-03-04 14:02:33,Completed
ORD00160,CUST0900,SES01340,2026-03-20 00:46:44,Completed
ORD00161,CUST0880,SES01348,2026-01-10 20:31:42,Completed
ORD00162,CUST0483,SES01349,2026-03-16 06:07:43,Completed
ORD00163,CUST0065,SES01352,2026-03-14 10:04:57,Completed
ORD00164,CUST0975,SES01384,2026-01-03 17:50:29,Completed
ORD00165,CUST0982,SES01388,2026-02-26 15:37:10,Completed
ORD00166,CUST0988,SES01391,2026-02-16 00:39:27,Completed
ORD00167,CUST0745,SES01401,2026-03-08 15:24:15,Completed
ORD00168,CUST0071,SES01408,2026-01-20 18:21:02,Completed
ORD00169,CUST0478,SES01429,2026-03-29 02:05:07,Completed
ORD00170,CUST0845,SES01435,2026-03-20 11:53:49,Completed
ORD00171,CUST0788,SES01441,2026-02-17 15:25:55,Completed
ORD00172,CUST0417,SES01449,2026-03-07 05:46:20,Completed
ORD00173,CUST0302,SES01454,2026-03-01 21:27:55,Completed
ORD00174,CUST0034,SES01465,2026-03-28 13:56:48,Completed
ORD00175,CUST0096,SES01471,2026-01-20 17:35:47,Completed
ORD00176,CUST0326,SES01474,2026-01-27 07:31:50,Completed
ORD00177,CUST0620,SES01475,2026-02-06 08:30:00,Completed
ORD00178,CUST0996,SES01510,2026-01-30 11:08:37,Completed
ORD00179,CUST0737,SES01518,2026-03-27 21:22:05,Completed
ORD00180,CUST0229,SES01521,2026-02-05 09:01:07,Completed
ORD00181,CUST0605,SES01526,2026-03-28 09:28:45,Completed
ORD00182,CUST0047,SES01537,2026-03-22 11:53:37,Completed
ORD00183,CUST0831,SES01563,2026-03-23 14:16:44,Completed
ORD00184,CUST0618,SES01570,2026-02-12 00:00:49,Completed
ORD00185,CUST0836,SES01571,2026-03-20 01:30:22,Completed
ORD00186,CUST0581,SES01589,2026-03-19 08:53:12,Completed
ORD00187,CUST0461,SES01590,2026-02-19 04:42:59,Completed
ORD00188,CUST0068,SES01596,2026-02-28 23:37:34,Completed
ORD00189,CUST0562,SES01598,2026-01-14 15:13:48,Completed
ORD00190,CUST0651,SES01632,2026-01-27 19:34:45,Completed
ORD00191,CUST0240,SES01636,2026-01-25 13:04:57,Completed
ORD00192,CUST0107,SES01639,2026-01-02 10:49:56,Completed
ORD00193,CUST0602,SES01644,2026-01-18 21:24:59,Completed
ORD00194,CUST0966,SES01656,2026-01-27 14:25:56,Completed
ORD00195,CUST0300,SES01659,2026-02-14 16:29:40,Completed
ORD00196,CUST0941,SES01670,2026-03-28 11:41:37,Completed
ORD00197,CUST0135,SES01681,2026-01-18 17:59:42,Completed
ORD00198,CUST0186,SES01694,2026-03-24 08:51:33,Completed
ORD00199,CUST0190,SES01697,2026-01-05 09:15:17,Completed
ORD00200,CUST0694,SES01701,2026-03-09 21:43:34,Completed
ORD00201,CUST0074,SES01704,2026-01-14 09:56:06,Completed
ORD00202,CUST0405,SES01717,2026-02-09 12:37:19,Completed
ORD00203,CUST0260,SES01719,2026-03-31 01:48:39,Completed
ORD00204,CUST0753,SES01721,2026-03-22 22:44:04,Completed
ORD00205,CUST0489,SES01722,2026-02-14 11:42:07,Completed
ORD00206,CUST0808,SES01739,2026-02-26 23:20:39,Completed
ORD00207,CUST0558,SES01754,2026-03-29 23:30:22,Completed
ORD00208,CUST0911,SES01760,2026-02-03 22:52:36,Completed
ORD00209,CUST0777,SES01770,2026-03-29 12:56:58,Completed
ORD00210,CUST0282,SES01774,2026-01-17 05:08:53,Completed
ORD00211,CUST0453,SES01783,2026-02-15 07:19:43,Completed
ORD00212,CUST0055,SES01787,2026-02-18 21:24:09,Completed
ORD00213,CUST0353,SES01807,2026-01-18 14:15:16,Completed
ORD00214,CUST0459,SES01809,2026-03-01 12:22:05,Completed
ORD00215,CUST0558,SES01826,2026-03-05 00:05:51,Completed
ORD00216,CUST0335,SES01839,2026-02-01 08:22:47,Completed
ORD00217,CUST0763,SES01847,2026-03-31 04:32:29,Completed
ORD00218,CUST0639,SES01867,2026-02-11 00:16:51,Completed
ORD00219,CUST0226,SES01874,2026-02-21 17:07:47,Completed
ORD00220,CUST0927,SES01876,2026-01-29 16:08:40,Completed
ORD00221,CUST0634,SES01881,2026-03-17 15:43:02,Completed
ORD00222,CUST0594,SES01885,2026-03-05 23:35:57,Completed
ORD00223,CUST0767,SES01908,2026-01-01 06:02:48,Completed
ORD00224,CUST0690,SES01910,2026-01-24 18:08:36,Completed
ORD00225,CUST0415,SES01912,2026-01-24 09:50:11,Completed
ORD00226,CUST0513,SES01914,2026-02-08 23:17:16,Completed
ORD00227,CUST0734,SES01918,2026-02-27 08:50:45,Completed
ORD00228,CUST0362,SES01922,2026-03-18 18:24:37,Completed
ORD00229,CUST0700,SES01938,2026-01-12 23:44:24,Completed
ORD00230,CUST0408,SES01939,2026-02-27 17:35:28,Completed
ORD00231,CUST0377,SES01940,2026-01-28 10:01:53,Completed
ORD00232,CUST0484,SES01963,2026-02-20 22:31:06,Completed
ORD00233,CUST0068,SES01980,2026-03-09 20:58:33,Completed
ORD00234,CUST0061,SES01981,2026-02-13 17:44:34,Completed
ORD00235,CUST0410,SES01987,2026-01-02 21:09:52,Completed
ORD00236,CUST0196,SES01989,2026-03-21 12:21:00,Completed
ORD00237,CUST0494,SES02008,2026-03-16 18:06:21,Completed
ORD00238,CUST0602,SES02024,2026-01-01 05:27:49,Completed
ORD00239,CUST0829,SES02032,2026-03-21 05:27:24,Completed
ORD00240,CUST0270,SES02040,2026-01-30 08:37:39,Completed
ORD00241,CUST0867,SES02043,2026-02-14 15:22:02,Completed
ORD00242,CUST0652,SES02059,2026-01-30 07:09:28,Completed
ORD00243,CUST0627,SES02065,2026-03-23 04:38:37,Completed
ORD00244,CUST0819,SES02073,2026-03-13 00:54:35,Completed
ORD00245,CUST0829,SES02089,2026-01-28 15:48:14,Completed
ORD00246,CUST0346,SES02097,2026-01-03 06:41:35,Completed
ORD00247,CUST0277,SES02109,2026-03-23 10:02:48,Completed
ORD00248,CUST0872,SES02124,2026-01-01 19:33:32,Completed
ORD00249,CUST0665,SES02134,2026-01-28 14:41:32,Completed
ORD00250,CUST0028,SES02163,2026-03-31 19:48:30,Completed
ORD00251,CUST0515,SES02164,2026-02-05 15:13:23,Completed
ORD00252,CUST0341,SES02181,2026-03-28 10:42:49,Completed
ORD00253,CUST0425,SES02182,2026-02-07 00:31:02,Completed
ORD00254,CUST0458,SES02209,2026-01-27 08:39:17,Completed
ORD00255,CUST0546,SES02213,2026-03-09 16:46:38,Completed
ORD00256,CUST0811,SES02218,2026-02-15 00:25:07,Completed
ORD00257,CUST0968,SES02232,2026-02-01 14:52:16,Completed
ORD00258,CUST0835,SES02240,2026-03-09 01:41:28,Completed
ORD00259,CUST0971,SES02244,2026-02-24 05:42:03,Completed
ORD00260,CUST0624,SES02249,2026-02-27 18:36:51,Completed
ORD00261,CUST0329,SES02261,2026-03-14 17:38:02,Completed
ORD00262,CUST0032,SES02264,2026-03-29 17:15:19,Completed
ORD00263,CUST0638,SES02265,2026-03-31 03:35:26,Completed
ORD00264,CUST0329,SES02270,2026-03-31 14:40:20,Completed
ORD00265,CUST0671,SES02271,2026-02-16 16:29:24,Completed
ORD00266,CUST0071,SES02272,2026-03-19 06:24:27,Completed
ORD00267,CUST0262,SES02275,2026-03-08 07:41:37,Completed
ORD00268,CUST0315,SES02282,2026-03-10 23:29:35,Completed
ORD00269,CUST0512,SES02283,2026-03-24 15:38:36,Completed
ORD00270,CUST0450,SES02291,2026-03-01 22:18:20,Completed
ORD00271,CUST0828,SES02292,2026-03-12 21:49:04,Completed
ORD00272,CUST0486,SES02303,2026-01-11 20:00:16,Completed
ORD00273,CUST0662,SES02337,2026-01-03 09:07:18,Completed
ORD00274,CUST0300,SES02341,2026-01-28 00:24:11,Completed
ORD00275,CUST0904,SES02350,2026-03-19 15:30:36,Completed
ORD00276,CUST0090,SES02358,2026-02-10 04:15:57,Completed
ORD00277,CUST0721,SES02368,2026-03-26 20:26:12,Completed
ORD00278,CUST0844,SES02377,2026-03-24 15:29:30,Completed
ORD00279,CUST0462,SES02381,2026-01-24 04:37:14,Completed
ORD00280,CUST0914,SES02382,2026-02-12 08:29:39,Completed
ORD00281,CUST0657,SES02383,2026-03-28 18:12:08,Completed
ORD00282,CUST0507,SES02387,2026-03-27 20:35:32,Completed
ORD00283,CUST0778,SES02390,2026-01-23 03:03:24,Completed
ORD00284,CUST0995,SES02392,2026-01-21 09:47:06,Completed
ORD00285,CUST0401,SES02397,2026-02-02 18:12:19,Completed
ORD00286,CUST0823,SES02400,2026-03-24 09:37:11,Completed
ORD00287,CUST0591,SES02404,2026-03-08 05:17:19,Completed
ORD00288,CUST0247,SES02409,2026-03-29 16:09:56,Completed
ORD00289,CUST0497,SES02436,2026-01-31 23:40:10,Completed
ORD00290,CUST0825,SES02443,2026-01-26 09:52:25,Completed
ORD00291,CUST0104,SES02445,2026-03-28 01:34:42,Completed
ORD00292,CUST0834,SES02446,2026-02-28 16:40:37,Completed
ORD00293,CUST0159,SES02447,2026-03-31 18:54:21,Completed
ORD00294,CUST0435,SES02449,2026-02-12 12:14:15,Completed
ORD00295,CUST0846,SES02452,2026-03-30 02:48:27,Completed
ORD00296,CUST0302,SES02453,2026-01-13 18:37:39,Completed
ORD00297,CUST0961,SES02458,2026-03-19 02:29:49,Completed
ORD00298,CUST0680,SES02463,2026-01-10 15:35:26,Completed
ORD00299,CUST0789,SES02466,2026-03-01 04:11:05,Completed
ORD00300,CUST0392,SES02467,2026-03-31 23:00:30,Completed
ORD00301,CUST0693,SES02481,2026-03-28 06:23:52,Completed
ORD00302,CUST0820,SES02490,2026-03-22 19:59:22,Completed
ORD00303,CUST0351,SES02497,2026-03-04 05:19:46,Completed
