order_item_id,order_id,product_id,quantity,unit_price
1,ORD00001,PROD059,1,8708.02
2,ORD00002,PROD025,1,23960.45
3,ORD00002,PROD030,1,14394.08
4,ORD00002,PROD040,1,1665.13
5,ORD00003,PROD049,1,30637.78
6,ORD00003,PROD038,1,2702.92
7,ORD00003,PROD096,1,17566.97
8,ORD00004,PROD009,1,24209.7
9,ORD00005,PROD065,1,4689.44
10,ORD00006,PROD060,1,40995.26
11,ORD00007,PROD059,1,8708.02
12,ORD00008,PROD084,1,2057.38
13,ORD00008,PROD055,1,11745.97
14,ORD00009,PROD051,1,546.71
15,ORD00010,PROD032,1,19508.18
16,ORD00010,PROD031,1,4724.98
17,ORD00011,PROD014,1,571.16
18,ORD00012,PROD004,1,3947.59
19,ORD00012,PROD075,1,927.59
20,ORD00013,PROD032,2,19508.18
21,ORD00013,PROD022,1,2884.43
22,ORD00014,PROD092,2,17626.45
23,ORD00015,PROD075,1,927.59
24,ORD00015,PROD058,1,3852.78
25,ORD00015,PROD018,1,2240.91
26,ORD00016,PROD091,2,631.51
27,ORD00017,PROD069,1,22041.84
28,ORD00017,PROD053,1,436.55
29,ORD00018,PROD083,1,4271.16
30,ORD00019,PROD029,2,4799.49
31,ORD00020,PROD006,2,44125.56
32,ORD00021,PROD027,1,14110.56
33,ORD00021,PROD068,2,4702.06
34,ORD00022,PROD028,1,15641.84
35,ORD00023,PROD099,1,2547.45
36,ORD00023,PROD001,1,15249.39
37,ORD00024,PROD029,1,4799.49
38,ORD00024,PROD034,1,1053.57
39,ORD00025,PROD064,1,2264.06
40,ORD00026,PROD021,1,32201.22
41,ORD00026,PROD048,1,3251.74
42,ORD00027,PROD085,1,4913.92
43,ORD00028,PROD098,1,1329.9
44,ORD00029,PROD099,1,2547.45
45,ORD00030,PROD066,1,44876.97
46,ORD00031,PROD062,1,2815.22
47,ORD00032,PROD065,1,4689.44
48,ORD00033,PROD049,1,30637.78
49,ORD00034,PROD099,1,2547.45
50,ORD00035,PROD059,1,8708.02
51,ORD00036,PROD011,1,26883.26
52,ORD00037,PROD050,1,3095.22
53,ORD00038,PROD023,1,24954.95
54,ORD00039,PROD008,1,27465.57
55,ORD00040,PROD057,1,1510.73
56,ORD00041,PROD021,1,32201.22
57,ORD00041,PROD078,1,366.2
58,ORD00042,PROD069,1,22041.84
59,ORD00043,PROD089,1,23896.84
60,ORD00044,PROD095,1,2105.31
61,ORD00044,PROD083,2,4271.16
62,ORD00045,PROD017,1,1044.02
63,ORD00046,PROD040,1,1665.13
64,ORD00047,PROD094,1,1024.4
65,ORD00048,PROD016,2,9799.12
66,ORD00048,PROD082,1,2506.92
67,ORD00049,PROD003,1,6133.24
68,ORD00050,PROD075,2,927.59
69,ORD00051,PROD007,1,4038.3
70,ORD00051,PROD073,1,6529.66
71,ORD00051,PROD064,1,2264.06
72,ORD00052,PROD093,1,30548.7
73,ORD00053,PROD057,1,1510.73
74,ORD00053,PROD001,1,15249.39
75,ORD00054,PROD038,1,2702.92
76,ORD00055,PROD083,2,4271.16
77,ORD00056,PROD030,1,14394.08
78,ORD00057,PROD085,1,4913.92
79,ORD00058,PROD053,1,436.55
80,ORD00059,PROD050,1,3095.22
81,ORD00060,PROD014,1,571.16
82,ORD00061,PROD066,1,44876.97
83,ORD00062,PROD091,2,631.51
84,ORD00063,PROD094,1,1024.4
85,ORD00063,PROD006,1,44125.56
86,ORD00064,PROD011,1,26883.26
87,ORD00064,PROD052,1,1091.34
88,ORD00065,PROD080,1,8255.61
89,ORD00066,PROD090,1,14979.06
90,ORD00066,PROD049,2,30637.78
91,ORD00066,PROD008,1,27465.57
92,ORD00067,PROD083,1,4271.16
93,ORD00067,PROD093,1,30548.7
94,ORD00068,PROD071,1,1733.96
95,ORD00069,PROD002,1,10025.33
96,ORD00070,PROD038,1,2702.92
97,ORD00071,PROD046,1,8505.97
98,ORD00072,PROD076,2,15884.76
99,ORD00073,PROD033,1,3544.13
100,ORD00074,PROD074,2,4299.98
101,ORD00074,PROD048,1,3251.74
102,ORD00075,PROD063,2,41225.49
103,ORD00076,PROD019,1,2228.77
104,ORD00077,PROD061,1,29874.99
105,ORD00078,PROD048,1,3251.74
106,ORD00078,PROD066,2,44876.97
107,ORD00079,PROD026,2,2749.55
108,ORD00080,PROD010,1,7142.8
109,ORD00080,PROD063,1,41225.49
110,ORD00081,PROD069,2,22041.84
111,ORD00082,PROD055,1,11745.97
112,ORD00082,PROD070,1,14480.06
113,ORD00083,PROD052,1,1091.34
114,ORD00084,PROD068,1,4702.06
115,ORD00085,PROD061,2,29874.99
116,ORD00085,PROD023,1,24954.95
117,ORD00085,PROD060,1,40995.26
118,ORD00086,PROD048,1,3251.74
119,ORD00087,PROD053,1,436.55
120,ORD00088,PROD080,1,8255.61
121,ORD00089,PROD056,1,2212.47
122,ORD00089,PROD042,1,16566.81
123,ORD00090,PROD004,1,3947.59
124,ORD00090,PROD094,1,1024.4
125,ORD00091,PROD063,1,41225.49
126,ORD00091,PROD017,1,1044.02
127,ORD00091,PROD013,1,9407.97
128,ORD00092,PROD088,1,821.24
129,ORD00092,PROD028,1,15641.84
130,ORD00092,PROD085,1,4913.92
131,ORD00093,PROD024,1,1647.61
132,ORD00094,PROD024,1,1647.61
133,ORD00094,PROD008,2,27465.57
134,ORD00095,PROD053,2,436.55
135,ORD00096,PROD021,1,32201.22
136,ORD00097,PROD020,2,11085.99
137,ORD00097,PROD058,1,3852.78
138,ORD00098,PROD063,1,41225.49
139,ORD00099,PROD071,1,1733.96
140,ORD00100,PROD016,1,9799.12
141,ORD00101,PROD046,1,8505.97
142,ORD00102,PROD076,1,15884.76
143,ORD00103,PROD021,1,32201.22
144,ORD00103,PROD072,1,7829.48
145,ORD00104,PROD061,1,29874.99
146,ORD00105,PROD019,1,2228.77
147,ORD00106,PROD019,2,2228.77
148,ORD00107,PROD088,1,821.24
149,ORD00108,PROD061,1,29874.99
150,ORD00109,PROD029,1,4799.49
151,ORD00110,PROD097,1,9821.05
152,ORD00111,PROD036,1,7906.95
153,ORD00112,PROD032,1,19508.18
154,ORD00112,PROD033,1,3544.13
155,ORD00112,PROD019,2,2228.77
156,ORD00113,PROD096,2,17566.97
157,ORD00113,PROD094,1,1024.4
158,ORD00114,PROD036,1,7906.95
159,ORD00115,PROD037,1,8281.16
160,ORD00116,PROD098,1,1329.9
161,ORD00117,PROD092,2,17626.45
162,ORD00117,PROD012,1,2763.89
163,ORD00118,PROD094,1,1024.4
164,ORD00119,PROD088,1,821.24
165,ORD00120,PROD015,1,448.38
166,ORD00121,PROD016,1,9799.12
167,ORD00122,PROD047,1,813.36
168,ORD00123,PROD020,1,11085.99
169,ORD00123,PROD068,1,4702.06
170,ORD00124,PROD010,1,7142.8
171,ORD00125,PROD059,1,8708.02
172,ORD00126,PROD070,1,14480.06
173,ORD00127,PROD037,2,8281.16
174,ORD00128,PROD035,2,14451.7
175,ORD00129,PROD098,1,1329.9
176,ORD00129,PROD074,1,4299.98
177,ORD00130,PROD030,1,14394.08
178,ORD00131,PROD062,1,2815.22
179,ORD00132,PROD009,2,24209.7
180,ORD00133,PROD016,1,9799.12
181,ORD00134,PROD003,1,6133.24
182,ORD00135,PROD020,1,11085.99
183,ORD00136,PROD053,2,436.55
184,ORD00137,PROD023,1,24954.95
185,ORD00137,PROD080,1,8255.61
186,ORD00138,PROD099,2,2547.45
187,ORD00138,PROD003,1,6133.24
188,ORD00139,PROD061,1,29874.99
189,ORD00140,PROD079,1,19978.42
190,ORD00141,PROD036,1,7906.95
191,ORD00141,PROD048,1,3251.74
192,ORD00142,PROD036,1,7906.95
193,ORD00143,PROD007,2,4038.3
194,ORD00144,PROD046,1,8505.97
195,ORD00145,PROD026,2,2749.55
196,ORD00146,PROD059,1,8708.02
197,ORD00147,PROD094,1,1024.4
198,ORD00147,PROD034,1,1053.57
199,ORD00148,PROD069,1,22041.84
200,ORD00148,PROD009,1,24209.7
201,ORD00149,PROD023,1,24954.95
202,ORD00149,PROD042,1,16566.81
203,ORD00149,PROD080,1,8255.61
204,ORD00150,PROD056,1,2212.47
205,ORD00151,PROD025,1,23960.45
206,ORD00152,PROD062,1,2815.22
207,ORD00153,PROD053,1,436.55
208,ORD00154,PROD087,2,332.1
209,ORD00155,PROD079,2,19978.42
210,ORD00156,PROD070,1,14480.06
211,ORD00157,PROD026,1,2749.55
212,ORD00157,PROD099,1,2547.45
213,ORD00158,PROD078,1,366.2
214,ORD00159,PROD003,1,6133.24
215,ORD00160,PROD048,1,3251.74
216,ORD00160,PROD056,1,2212.47
217,ORD00161,PROD063,1,41225.49
218,ORD00162,PROD057,1,1510.73
219,ORD00162,PROD079,1,19978.42
220,ORD00163,PROD042,1,16566.81
221,ORD00164,PROD020,3,11085.99
222,ORD00165,PROD078,1,366.2
223,ORD00165,PROD022,1,2884.43
224,ORD00166,PROD032,1,19508.18
225,ORD00167,PROD046,1,8505.97
226,ORD00168,PROD058,2,3852.78
227,ORD00169,PROD046,2,8505.97
228,ORD00169,PROD082,1,2506.92
229,ORD00170,PROD049,1,30637.78
230,ORD00171,PROD016,2,9799.12
231,ORD00171,PROD065,1,4689.44
232,ORD00172,PROD076,1,15884.76
233,ORD00172,PROD042,1,16566.81
234,ORD00173,PROD035,2,14451.7
235,ORD00174,PROD029,1,4799.49
236,ORD00175,PROD076,1,15884.76
237,ORD00176,PROD075,1,927.59
238,ORD00177,PROD012,1,2763.89
239,ORD00178,PROD082,1,2506.92
240,ORD00179,PROD061,1,29874.99
241,ORD00179,PROD054,1,324.35
242,ORD00179,PROD025,1,23960.45
243,ORD00180,PROD058,1,3852.78
244,ORD00181,PROD095,1,2105.31
245,ORD00181,PROD058,1,3852.78
246,ORD00182,PROD010,1,7142.8
247,ORD00183,PROD058,1,3852.78
248,ORD00184,PROD089,1,23896.84
249,ORD00185,PROD022,2,2884.43
250,ORD00186,PROD001,1,15249.39
251,ORD00187,PROD067,1,2395.69
252,ORD00188,PROD035,1,14451.7
253,ORD00188,PROD050,1,3095.22
254,ORD00189,PROD092,2,17626.45
255,ORD00190,PROD079,2,19978.42
256,ORD00190,PROD015,1,448.38
257,ORD00191,PROD048,1,3251.74
258,ORD00192,PROD006,1,44125.56
259,ORD00192,PROD086,1,1072.26
260,ORD00193,PROD084,1,2057.38
261,ORD00194,PROD092,3,17626.45
262,ORD00194,PROD057,1,1510.73
263,ORD00195,PROD053,1,436.55
264,ORD00195,PROD075,1,927.59
265,ORD00196,PROD016,1,9799.12
266,ORD00197,PROD082,1,2506.92
267,ORD00198,PROD068,1,4702.06
268,ORD00199,PROD014,1,571.16
269,ORD00200,PROD092,1,17626.45
270,ORD00201,PROD066,2,44876.97
271,ORD00202,PROD001,1,15249.39
272,ORD00203,PROD054,1,324.35
273,ORD00204,PROD031,1,4724.98
274,ORD00205,PROD080,1,8255.61
275,ORD00206,PROD005,1,17523.56
276,ORD00206,PROD061,2,29874.99
277,ORD00207,PROD094,1,1024.4
278,ORD00208,PROD083,1,4271.16
279,ORD00209,PROD063,1,41225.49
280,ORD00210,PROD034,1,1053.57
281,ORD00211,PROD092,1,17626.45
282,ORD00212,PROD021,1,32201.22
283,ORD00213,PROD015,2,448.38
284,ORD00214,PROD033,2,3544.13
285,ORD00214,PROD055,1,11745.97
286,ORD00215,PROD038,1,2702.92
287,ORD00216,PROD052,1,1091.34
288,ORD00216,PROD028,2,15641.84
289,ORD00216,PROD036,1,7906.95
290,ORD00217,PROD098,2,1329.9
291,ORD00218,PROD008,1,27465.57
292,ORD00219,PROD098,1,1329.9
293,ORD00220,PROD012,2,2763.89
294,ORD00221,PROD035,1,14451.7
295,ORD00222,PROD056,1,2212.47
296,ORD00223,PROD062,1,2815.22
297,ORD00224,PROD057,1,1510.73
298,ORD00225,PROD047,1,813.36
299,ORD00226,PROD094,2,1024.4
300,ORD00227,PROD063,1,41225.49
301,ORD00228,PROD087,1,332.1
302,ORD00228,PROD030,1,14394.08
303,ORD00228,PROD045,1,3618.03
304,ORD00229,PROD074,1,4299.98
305,ORD00229,PROD009,1,24209.7
306,ORD00230,PROD052,1,1091.34
307,ORD00230,PROD079,1,19978.42
308,ORD00231,PROD080,1,8255.61
309,ORD00231,PROD049,1,30637.78
310,ORD00232,PROD064,1,2264.06
311,ORD00233,PROD037,2,8281.16
312,ORD00233,PROD035,2,14451.7
313,ORD00234,PROD014,1,571.16
314,ORD00234,PROD083,1,4271.16
315,ORD00235,PROD066,1,44876.97
316,ORD00236,PROD045,1,3618.03
317,ORD00237,PROD072,1,7829.48
318,ORD00238,PROD096,1,17566.97
319,ORD00238,PROD050,1,3095.22
320,ORD00239,PROD014,1,571.16
321,ORD00240,PROD089,2,23896.84
322,ORD00241,PROD099,2,2547.45
323,ORD00242,PROD070,1,14480.06
324,ORD00243,PROD032,1,19508.18
325,ORD00244,PROD090,1,14979.06
326,ORD00245,PROD017,1,1044.02
327,ORD00245,PROD006,2,44125.56
328,ORD00246,PROD004,2,3947.59
329,ORD00246,PROD016,1,9799.12
330,ORD00247,PROD078,1,366.2
331,ORD00248,PROD085,1,4913.92
332,ORD00248,PROD067,1,2395.69
333,ORD00249,PROD009,1,24209.7
334,ORD00250,PROD012,1,2763.89
335,ORD00250,PROD095,2,2105.31
336,ORD00251,PROD056,1,2212.47
337,ORD00252,PROD034,1,1053.57
338,ORD00252,PROD091,1,631.51
339,ORD00253,PROD026,1,2749.55
340,ORD00254,PROD006,1,44125.56
341,ORD00255,PROD060,2,40995.26
342,ORD00256,PROD027,1,14110.56
343,ORD00257,PROD085,2,4913.92
344,ORD00257,PROD057,1,1510.73
345,ORD00258,PROD022,1,2884.43
346,ORD00258,PROD061,1,29874.99
347,ORD00259,PROD090,1,14979.06
348,ORD00260,PROD075,1,927.59
349,ORD00260,PROD014,1,571.16
350,ORD00261,PROD024,2,1647.61
351,ORD00262,PROD089,1,23896.84
352,ORD00263,PROD006,1,44125.56
353,ORD00263,PROD088,1,821.24
354,ORD00264,PROD008,1,27465.57
355,ORD00265,PROD033,1,3544.13
356,ORD00265,PROD047,1,813.36
357,ORD00265,PROD092,1,17626.45
358,ORD00266,PROD088,2,821.24
359,ORD00266,PROD060,1,40995.26
360,ORD00267,PROD006,1,44125.56
361,ORD00268,PROD068,1,4702.06
362,ORD00269,PROD044,1,759.86
363,ORD00270,PROD083,1,4271.16
364,ORD00270,PROD060,1,40995.26
365,ORD00271,PROD071,1,1733.96
366,ORD00271,PROD077,1,1997.61
367,ORD00272,PROD091,1,631.51
368,ORD00272,PROD015,1,448.38
369,ORD00273,PROD098,1,1329.9
370,ORD00273,PROD094,1,1024.4
371,ORD00274,PROD033,1,3544.13
372,ORD00275,PROD088,1,821.24
373,ORD00276,PROD023,2,24954.95
374,ORD00277,PROD081,1,1124.83
375,ORD00278,PROD086,1,1072.26
376,ORD00278,PROD058,1,3852.78
377,ORD00278,PROD026,2,2749.55
378,ORD00279,PROD071,1,1733.96
379,ORD00279,PROD080,1,8255.61
380,ORD00280,PROD074,1,4299.98
381,ORD00281,PROD031,1,4724.98
382,ORD00282,PROD010,1,7142.8
383,ORD00282,PROD020,1,11085.99
384,ORD00283,PROD014,1,571.16
385,ORD00284,PROD013,1,9407.97
386,ORD00284,PROD054,1,324.35
387,ORD00285,PROD095,1,2105.31
388,ORD00286,PROD015,1,448.38
389,ORD00286,PROD090,1,14979.06
390,ORD00286,PROD092,1,17626.45
391,ORD00287,PROD072,1,7829.48
392,ORD00288,PROD003,2,6133.24
393,ORD00288,PROD057,1,1510.73
394,ORD00289,PROD070,2,14480.06
395,ORD00290,PROD030,1,14394.08
396,ORD00291,PROD052,1,1091.34
397,ORD00292,PROD066,1,44876.97
398,ORD00292,PROD059,1,8708.02
399,ORD00293,PROD043,1,2019.52
400,ORD00294,PROD072,1,7829.48
401,ORD00295,PROD022,1,2884.43
402,ORD00295,PROD048,1,3251.74
403,ORD00296,PROD063,1,41225.49
404,ORD00297,PROD088,1,821.24
405,ORD00297,PROD034,2,1053.57
406,ORD00297,PROD035,1,14451.7
407,ORD00298,PROD065,1,4689.44
408,ORD00298,PROD044,1,759.86
409,ORD00299,PROD006,1,44125.56
410,ORD00299,PROD091,1,631.51
411,ORD00299,PROD068,1,4702.06
412,ORD00300,PROD047,1,813.36
413,ORD00300,PROD061,1,29874.99
414,ORD00301,PROD032,1,19508.18
415,ORD00301,PROD049,1,30637.78
416,ORD00302,PROD055,1,11745.97
417,ORD00302,PROD082,1,2506.92
418,ORD00303,PROD010,1,7142.8
